{"<global>":{"login":["login"],"menu":["menu"],"userinfo":["userinfo"]},"Account":{"add":["add"],"delete":[],"edit":["edit"],"export":["export"],"import":["import"],"list":["list"],"masterlist":["masterlist"],"masterprint":["masterprint"],"print":["print"],"search":["search"],"view":["view"]},"Customer":{"add":["add"],"delete":[],"edit":["edit"],"export":["export"],"import":["import"],"list":["list"],"masterlist":["masterlist"],"masterprint":["masterprint"],"print":["print"],"search":["search"],"view":["view"]},"Customer_Type":{"add":["add"],"delete":[],"edit":["edit"],"export":["export"],"import":["import"],"list":["list"],"print":["print"],"search":["search"],"view":["view"]},"Default Rates":{"add":["add"],"delete":[],"edit":["edit"],"export":["export"],"import":["import"],"list":["list"],"print":["print"],"search":["search"],"view":["view"]},"MMShipping_users":{"search":["search"]},"Order":{"add":["add"],"delete":[],"edit":["edit"],"export":["export"],"import":["import"],"list":["list"],"masterlist":["masterlist"],"masterprint":["masterprint"],"print":["print"],"search":["search"],"view":["view"]},"Order_Categories":{"add":["add"],"edit":["edit"],"export":["export"],"import":["import"],"list":["list"],"search":["search"],"view":["view"]},"Received":{"add":["add"],"delete":[],"edit":["edit"],"export":["export"],"import":["import"],"list":["list"],"masterlist":["masterlist"],"masterprint":["masterprint"],"print":["print"],"search":["search"],"view":["view"]},"Sent":{"add":["add","order_add"],"delete":[],"edit":["edit"],"export":["export"],"import":["import"],"list":["list"],"print":["print"],"search":["search"],"view":["view"]},"Shipment":{"add":["add"],"delete":[],"edit":["edit"],"export":["export"],"import":["import"],"list":["list"],"masterlist":["masterlist"],"masterprint":["masterprint"],"print":["print"],"search":["search"],"view":["view"]}}